Country,Year,GDP_current_US,life_expectancy_at_birth,population,CO2_emisions,access_to_electricity%,individuals_using_internet%,gini_index,human_capital_index,Happiness Score,GDP per Capita,Social Support,Healthy Life Expectancy,Freedom,Generosity,Perceptions of Corruption,Region,Life expectancy ,Adult Mortality,infant deaths,Hepatitis B,Measles ,Polio,Total expenditure,Diphtheria ,GDP,Schooling,Status
Afghanistan,2015,19134221744.5294,62.659,33753499.0,10057.59,71.5,8.26,,,3.575,0.31982,0.30285,0.30335,0.23414,0.3651,0.09719,Southern Asia,65.0,263.0,62,65.0,1154,6.0,8.16,65.0,584.25921,10.1,Developing
Albania,2015,11386853113.0189,78.644,2880703.0,4797.0,99.98,56.9,32.8,,4.959,0.87867,0.80434,0.81325,0.35733,0.14272,0.06413,Central and Eastern Europe,77.8,74.0,0,99.0,0,99.0,6.0,99.0,3954.22783,14.2,Developing
Algeria,2015,165979224866.131,75.622,39543154.0,156273.0,99.3561935424805,38.2,,,5.605,0.93929,1.07772,0.61766,0.28579,0.07822,0.17383,Middle East and Northern Africa,75.6,19.0,21,95.0,63,95.0,,95.0,4132.76292,14.4,Developing
Angola,2015,90496420626.179,60.655,28127721.0,31648.9,42.0,22.0,,,4.033,0.75778,0.8604,0.16683,0.10384,0.12344,0.07122,Sub-Saharan Africa,52.4,335.0,66,64.0,118,7.0,,64.0,3695.793748,11.4,Developing
Argentina,2015,594749285413.212,76.76,43131966.0,185550.0,99.6890335083008,68.04306411,,,6.574,1.05351,1.24823,0.78723,0.44974,0.11451,0.08484,Latin America and Caribbean,76.3,116.0,8,94.0,0,93.0,,94.0,13467.1236,17.3,Developing
Armenia,2015,10553337518.414,74.436,2878595.0,5343.4,100.0,59.10083377,32.4,,4.35,0.76821,0.77711,0.7299,0.19847,0.07855,0.039,Central and Eastern Europe,74.8,118.0,1,94.0,33,96.0,,94.0,369.654776,12.7,Developing
Australia,2015,1351768945139.11,82.4,23815995.0,385782.4,100.0,84.56051491,,,7.284,1.33358,1.30923,0.93156,0.65124,0.43562,0.35637,Australia and New Zealand,82.8,59.0,1,93.0,74,93.0,,93.0,56554.3876,20.4,Developed
Austria,2015,381971148530.543,81.190243902439,8642699.0,63254.7,100.0,83.94014193,30.5,,7.2,1.33723,1.29704,0.89042,0.62433,0.33088,0.18676,Western Europe,81.5,65.0,0,93.0,309,93.0,,93.0,43665.947,15.9,Developed
Azerbaijan,2015,53076235354.746,71.451,9649341.0,31773.3,100.0,77.0,,,5.212,1.02389,0.93793,0.64045,0.3703,0.07799,0.16065,Central and Eastern Europe,72.7,118.0,5,96.0,0,98.0,,96.0,55.31382,12.7,Developing
Bahrain,2015,31050638297.8723,79.405,1362142.0,30492.4,100.0,93.4783008,,,5.96,1.32376,1.21624,0.74716,0.45492,0.17362,0.306,Middle East and Northern Africa,76.9,69.0,0,98.0,0,98.0,,98.0,22688.87824,14.5,Developing
Bangladesh,2015,195078573252.202,70.491,157830000.0,73156.9,74.0024719238281,12.9,,,4.694,0.39753,0.43106,0.60164,0.4082,0.21222,0.12569,Southern Asia,71.8,129.0,92,97.0,240,97.0,,97.0,121.15812,10.2,Developing
Belarus,2015,56454889146.6088,73.6243902439025,9461076.0,54871.3,97.3732833862305,62.23036091,25.6,,5.813,1.03192,1.23289,0.73608,0.37938,0.11046,0.1909,Central and Eastern Europe,72.3,196.0,0,99.0,2,99.0,,99.0,5949.11677,15.6,Developing
Belgium,2015,462335574841.484,80.9926829268293,11274196.0,95096.0,100.0,85.05294175,27.7,,6.937,1.30782,1.28566,0.89667,0.5845,0.2225,0.2254,Western Europe,81.1,74.0,0,98.0,47,99.0,,99.0,4356.875,16.6,Developed
Benin,2015,11388160997.1089,59.377,10932783.0,5505.6,29.62,11.25498791,47.8,,3.34,0.28665,0.35386,0.3191,0.4845,0.1826,0.0801,Sub-Saharan Africa,60.0,249.0,25,82.0,55,78.0,,82.0,783.94791,10.7,Developing
Bhutan,2015,2003596838.78013,70.343,743274.0,1042.1,95.3597640991211,39.8,,,5.253,0.77042,1.10395,0.57407,0.53206,0.47998,0.15445,Southern Asia,69.8,211.0,0,99.0,11,98.0,,99.0,2613.645177,12.5,Developing
Bolivia,2015,33000198248.9146,67.318,11090085.0,20002.9,91.522822,37.49,46.7,,5.89,0.68133,0.97841,0.5392,0.57414,0.20536,0.088,Latin America and Caribbean,77.0,186.0,8,99.0,0,99.0,,99.0,,13.8,Developing
Bosnia and Herzegovina,2015,16404348871.4437,76.182,3524324.0,19629.0,99.7,52.6,,,4.949,0.83223,0.91916,0.79081,0.09245,0.24808,0.00227,Central and Eastern Europe,77.4,88.0,0,82.0,1677,74.0,,82.0,4574.9787,14.2,Developing
Botswana,2015,13530748844.505,63.818,2305171.0,6949.712,62.13,37.31205037,53.3,,4.332,0.99355,1.10464,0.04776,0.49495,0.10461,0.12474,Sub-Saharan Africa,65.7,256.0,2,95.0,0,96.0,,95.0,6532.651,12.6,Developing
Brazil,2015,1802212206904.68,74.332,205188205.0,485344.1,99.710902,58.32795173,51.9,,6.983,0.98124,1.23287,0.69702,0.49049,0.14574,0.17521,Latin America and Caribbean,75.0,142.0,42,96.0,214,98.0,,96.0,8757.2622,15.2,Developing
Bulgaria,2015,50811995688.6771,74.6146341463415,7177991.0,44556.5,96.5846862792969,56.65625161,38.6,,4.218,1.01216,1.10614,0.76649,0.30587,0.11921,0.00872,Central and Eastern Europe,74.5,137.0,0,92.0,0,91.0,,91.0,6993.47736,15.0,Developed
Burkina Faso,2015,11832159315.6298,58.845,18718019.0,3801.8,16.1532001495361,6.55,,,3.587,0.25812,0.85188,0.27125,0.39493,0.21747,0.12832,Sub-Saharan Africa,59.9,26.0,38,91.0,99,91.0,,91.0,615.592225,7.7,Developing
Burundi,2015,3104003546.26497,60.217,10727148.0,366.8,7.89011478424072,2.0,,,2.905,0.0153,0.41587,0.22396,0.1185,0.19727,0.10062,Sub-Saharan Africa,59.6,288.0,21,94.0,9,94.0,,94.0,33.681223,10.6,Developing
Cambodia,2015,18049954289.4721,69.873,15417523.0,8432.6,62.720645904541,18.0,,,3.819,0.46038,0.62736,0.61114,0.66246,0.40359,0.07247,Southeastern Asia,68.7,174.0,10,89.0,0,87.0,,89.0,1163.18977,10.9,Developing
Cameroon,2015,32210233020.4569,59.658,23012646.0,8500.2,58.6203880310059,18.3,,,4.252,0.4225,0.88767,0.23402,0.49309,0.20618,0.05786,Sub-Saharan Africa,57.3,357.0,45,84.0,1809,83.0,,84.0,1244.429421,10.4,Developing
Canada,2015,1556508816217.14,81.8156097560976,35702908.0,558747.2,100.0,90.0,33.7,,7.427,1.32629,1.32261,0.90563,0.63297,0.45811,0.32957,North America,82.2,64.0,2,55.0,195,91.0,,91.0,43315.744,16.3,Developing
Central African Republic,2015,1695825714.19282,52.793,4819333.0,184.4,12.7129907608032,2.9,,,3.678,0.0785,0.0,0.06699,0.48879,0.23835,0.08289,Sub-Saharan Africa,52.5,397.0,15,47.0,150,47.0,,47.0,348.381417,7.1,Developing
Chad,2015,10950392256.9543,51.589,14140274.0,1478.55,7.7,3.5,,,3.667,0.34193,0.76062,0.1501,0.23501,0.18386,0.05269,Sub-Saharan Africa,53.1,356.0,46,46.0,418,52.0,,46.0,777.248751,7.3,Developing
Chile,2015,242450355827.827,79.746,17870124.0,82260.4,99.714844,76.62959195,45.3,,6.67,1.10715,1.12447,0.85857,0.44132,0.33363,0.12869,Latin America and Caribbean,85.0,82.0,2,97.0,9,96.0,,96.0,13653.2264,16.3,Developing
China,2015,11061572618594.8,76.977,1379860000.0,9859281.2,100.0,50.3,38.6,,5.14,0.89012,0.94675,0.81658,0.51697,0.08185,0.02781,Eastern Asia,76.1,85.0,157,99.0,42361,99.0,,99.0,869.211938,13.5,Developing
Colombia,2015,293492370228.844,76.257,47119728.0,81017.2,98.186898,55.90497251,51.0,,6.477,0.91861,1.24018,0.69077,0.53466,0.18401,0.0512,Latin America and Caribbean,74.8,143.0,10,91.0,1,91.0,,91.0,644.525556,13.6,Developing
Comoros,2015,966029599.801228,62.896,730216.0,185.9,74.0817642211914,7.459161386,,,3.956,0.23906,0.79273,0.36315,0.22917,0.17441,0.199,Sub-Saharan Africa,63.5,227.0,1,91.0,0,92.0,,91.0,727.6463868,11.1,Developing
"Congo, Dem. Rep.",2015,37917706497.1793,58.49,78656904.0,3231.4,16.5844593048096,3.799999507,,,4.517,0.0,1.0012,0.09806,0.22605,0.24834,0.07625,Sub-Saharan Africa,59.8,258.0,236,81.0,5020,78.0,,81.0,,,Developing
Costa Rica,2015,56441920821.0806,79.086,4895242.0,7537.9,99.409804,59.76295014,48.4,,7.226,0.95578,1.23788,0.86027,0.63376,0.25497,0.10583,Latin America and Caribbean,79.6,95.0,1,92.0,0,92.0,,92.0,1146.36273,14.2,Developing
Cote d'Ivoire,2015,45815005170.815,57.762,23596741.0,9805.7,62.6,16.7,41.5,,3.655,0.46534,0.77115,0.15185,0.46866,0.20165,0.17922,Sub-Saharan Africa,53.3,397.0,57,83.0,65,81.0,,83.0,,,Developing
Croatia,2015,50857353544.2847,77.2756097560976,4203604.0,16602.3,100.0,69.84503592,31.1,,5.759,1.08254,0.79624,0.78805,0.25883,0.05444,0.0243,Central and Eastern Europe,78.0,95.0,0,94.0,206,94.0,,94.0,11579.6674,15.3,Developed
Cyprus,2015,19842492366.5477,80.966,1187280.0,6851.9,100.0,71.71574092,34.0,,5.689,1.20813,0.89318,0.92356,0.40672,0.30638,0.06146,Western Europe,85.0,52.0,0,97.0,0,97.0,,97.0,2375.1127,14.3,Developed
Denmark,2015,302673070846.857,80.7024390243902,5683483.0,33704.9,100.0,96.33050162,28.2,,7.527,1.32548,1.36058,0.87464,0.64938,0.34139,0.48357,Western Europe,86.0,71.0,0,,9,93.0,,93.0,5314.64416,19.2,Developed
Djibouti,2015,2424391785.43897,61.957,1006259.0,446.55,59.1333770751953,22.9,,,4.369,0.44025,0.59207,0.36291,0.46074,0.18093,0.28105,Sub-Saharan Africa,63.5,241.0,1,84.0,47,84.0,,84.0,1862.167274,6.3,Developing
Dominican Republic,2015,71164826836.5281,72.953,10405832.0,23590.5,98.560364,54.21576634,45.2,,4.885,0.89537,1.17202,0.66825,0.57672,0.21684,0.14234,Latin America and Caribbean,73.9,152.0,6,81.0,0,87.0,,85.0,6468.471648,13.2,Developing
Ecuador,2015,99290381000.0,76.789,16195902.0,41390.3,98.825883,48.94043379,46.0,,5.975,0.86402,0.99903,0.79075,0.48574,0.11541,0.1809,Latin America and Caribbean,76.2,118.0,6,78.0,0,84.0,,78.0,625.62224,14.0,Developing
El Salvador,2015,23438240000.0,71.814,6231066.0,6997.6,95.4,26.80260496,40.6,,6.13,0.76454,1.02507,0.67737,0.4035,0.10692,0.11776,Latin America and Caribbean,73.5,178.0,2,91.0,0,92.0,,91.0,4127.11775,13.2,Developing
Estonia,2015,22890762090.1508,77.590243902439,1315407.0,14377.1,100.0,88.4097035,32.7,,5.429,1.15174,1.22791,0.77361,0.44888,0.0868,0.15184,Central and Eastern Europe,77.6,119.0,0,91.0,4,93.0,,93.0,1774.9291,16.5,Developing
Ethiopia,2015,64589328550.5953,63.649,102471895.0,13046.3,29.0,13.85517556,35.0,,4.512,0.19073,0.60406,0.44055,0.4345,0.24325,0.15048,Sub-Saharan Africa,64.8,225.0,136,77.0,17745,75.0,,77.0,645.4637627,8.4,Developing
Finland,2015,234534382384.766,81.4804878048781,5479531.0,42815.4,100.0,86.42213333,27.1,,7.406,1.29025,1.31826,0.88911,0.64169,0.23351,0.41372,Western Europe,81.1,76.0,0,,2,97.0,,97.0,4245.39744,17.0,Developing
France,2015,2439188643162.5,82.3219512195122,66548272.0,311175.4,100.0,78.00603771,32.7,,6.575,1.27778,1.26038,0.94579,0.55011,0.12332,0.20646,Western Europe,82.4,78.0,2,86.0,157,98.0,,98.0,36526.7711,16.3,Developing
Gabon,2015,14383107762.6952,65.46,2028517.0,6115.8,87.3277359008789,45.78453653,,,3.896,1.06024,0.90528,0.43372,0.31914,0.06822,0.11091,Sub-Saharan Africa,66.0,229.0,2,8.0,27,79.0,,8.0,7388.984144,12.6,Developing
Georgia,2015,14953673796.1929,73.297,3725276.0,9399.4,100.0,47.56975964,36.5,,4.297,0.7419,0.38562,0.72926,0.40577,0.05547,0.38331,Central and Eastern Europe,74.4,129.0,1,94.0,431,91.0,,94.0,3764.64912,13.9,Developing
Germany,2015,3357585719351.56,80.6414634146341,81686611.0,742314.4,100.0,87.58979935,31.4,,6.75,1.32792,1.29937,0.89186,0.61477,0.28214,0.21843,Western Europe,81.0,68.0,2,88.0,2464,94.0,,95.0,41176.88158,17.1,Developed
Ghana,2015,49406009811.9819,63.175,28870939.0,14320.7,74.0002670288086,23.0,,,4.633,0.54558,0.67954,0.40132,0.42342,0.23087,0.04355,Sub-Saharan Africa,62.4,249.0,37,88.0,23,88.0,,88.0,1361.11395,11.4,Developing
Greece,2015,195683527003.375,81.0365853658537,10820883.0,68010.2,100.0,66.83495949,36.0,,4.857,1.15406,0.92933,0.88213,0.07699,0.0,0.01397,Western Europe,81.0,72.0,0,96.0,1,99.0,,99.0,187.78991,17.2,Developing
Guatemala,2015,62186064718.7424,72.103,15567419.0,16455.9,90.5392456054688,28.80594156,,,6.123,0.74553,1.04356,0.64425,0.57733,0.27489,0.09472,Latin America and Caribbean,71.9,186.0,10,74.0,0,9.0,,74.0,3923.573344,10.7,Developing
Guinea,2015,8794202394.29076,58.134,11625998.0,2522.3,34.8813819885254,9.2,,,3.656,0.17417,0.46475,0.24009,0.37725,0.28657,0.12139,Sub-Saharan Africa,59.0,284.0,26,54.0,243,42.0,,54.0,554.48766,8.8,Developing
Haiti,2015,14849629407.8872,63.237,10563757.0,3280.44,40.7975120544434,14.2,,,4.518,0.26673,0.74302,0.38847,0.24425,0.46187,0.17175,Latin America and Caribbean,63.5,24.0,14,6.0,0,56.0,,6.0,814.5463952,9.1,Developing
Honduras,2015,20979791685.416,72.487,9294505.0,10538.2,89.98171,27.1,49.2,,4.788,0.59532,0.95348,0.6951,0.40148,0.23027,0.06825,Latin America and Caribbean,74.6,147.0,3,97.0,0,97.0,,97.0,2326.15856,11.2,Developing
Hungary,2015,125174166987.372,75.5682926829269,9843028.0,43384.1,100.0,72.83473703,30.4,,4.8,1.12094,1.20215,0.75905,0.32112,0.128,0.02758,Central and Eastern Europe,75.8,134.0,0,,0,99.0,,99.0,12365.6263,15.6,Developed
Iceland,2015,17517210519.0912,82.4682926829268,330815.0,2057.5,100.0,98.2,26.8,,7.561,1.30232,1.40223,0.94784,0.62877,0.4363,0.14145,Western Europe,82.7,49.0,0,,0,92.0,,92.0,5734.4436,19.0,Developed
India,2015,2103588360066.32,69.636,1322866505.0,2158023.2,88.0,14.9,34.7,,4.565,0.64499,0.38174,0.51529,0.39786,0.26475,0.08492,Southern Asia,68.3,181.0,910,87.0,90387,86.0,,87.0,1613.18878,11.6,Developing
Indonesia,2015,860854232686.214,69.699,259091970.0,489052.8,97.5373674369822,22.0627426,40.4,,5.399,0.82827,1.08708,0.63793,0.46611,0.51535,0.0,Southeastern Asia,69.1,176.0,114,78.0,15099,8.0,,78.0,3336.16686,12.9,Developing
"Iran, Islamic Rep.",2015,408212917874.964,75.124,81790841.0,599182.7,99.96,45.33497615,35.3,,4.686,1.0088,0.54447,0.69805,0.30033,0.38086,0.05863,Middle East and Northern Africa,75.5,83.0,18,98.0,615,98.0,,98.0,,14.8,Developing
Iraq,2015,166774104959.102,69.44,37757813.0,133169.7,99.4483795166016,15.2,,,4.677,0.98549,0.81889,0.60237,0.0,0.17922,0.13788,Middle East and Northern Africa,68.9,182.0,32,56.0,1433,63.0,,58.0,4974.2693,10.1,Developing
Ireland,2015,292364226871.756,81.4536585365854,4701957.0,37087.2,100.0,83.49479167,31.8,,6.94,1.33596,1.36948,0.89533,0.61777,0.45901,0.28703,Western Europe,81.4,64.0,0,95.0,4,95.0,,95.0,6664.144,18.6,Developed
Israel,2015,303414276832.04,82.0512195121951,8380100.0,66314.7,100.0,77.35208966,39.7,,7.278,1.22857,1.22393,0.91387,0.41319,0.33172,0.07785,Middle East and Northern Africa,82.5,58.0,0,96.0,80,95.0,,95.0,35729.37253,16.0,Developing
Italy,2015,1836637711060.55,82.5439024390244,60730582.0,337862.1,100.0,58.14173496,35.4,,5.948,1.25114,1.19777,0.95446,0.26236,0.22823,0.02901,Western Europe,82.7,56.0,1,93.0,159,93.0,,93.0,349.14755,16.3,Developed
Jamaica,2015,14188936958.4343,72.394,2794445.0,7088.7,94.9,42.22122119,,,5.709,0.81038,1.15102,0.68741,0.50442,0.2123,0.02299,Latin America and Caribbean,76.2,125.0,1,91.0,0,91.0,,91.0,4965.989857,12.8,Developing
Japan,2015,4444930651964.18,83.7939024390244,127141000.0,1178349.1,100.0,91.05802839,,,5.987,1.27074,1.25712,0.99111,0.49615,0.10705,0.1806,Eastern Asia,83.7,55.0,2,,35,99.0,,96.0,34474.13736,15.3,Developed
Jordan,2015,38587017887.3239,75.011,9494246.0,25309.1,99.8927612304688,54.22,,,5.192,0.90198,1.05392,0.69639,0.40661,0.11053,0.14293,Middle East and Northern Africa,74.1,112.0,4,99.0,0,99.0,,99.0,496.99275,13.1,Developing
Kazakhstan,2015,184388404706.042,71.97,17542806.0,191059.6,100.0,70.8299336,26.8,,5.855,1.12254,1.12241,0.64368,0.51649,0.11827,0.08454,Central and Eastern Europe,72.0,198.0,4,98.0,526,98.0,,98.0,159.9817,15.0,Developing
Kenya,2015,70120446896.8359,61.892,46851488.0,18090.3,41.6,16.58785485,40.8,,4.419,0.36471,0.99876,0.41435,0.42215,0.37542,0.05839,Sub-Saharan Africa,63.4,249.0,54,89.0,95,83.0,,89.0,1349.97144,11.1,Developing
"Korea, Rep.",2015,1466038936206.43,82.0243902439024,51014947.0,607827.1,100.0,89.8962558,,,5.984,1.24461,0.95774,0.96538,0.33208,0.18557,0.07857,Eastern Asia,82.3,64.0,1,98.0,7,98.0,,98.0,,,Developing
Kuwait,2015,114585576961.43,79.562,3908743.0,89021.7,100.0,82.0,,,6.295,1.55422,1.16594,0.72492,0.55499,0.16228,0.25609,Middle East and Northern Africa,74.7,81.0,0,99.0,18,99.0,,99.0,28975.418,13.3,Developing
Lao PDR,2015,14426381187.0894,66.67,6787419.0,8875.9,89.7,18.2,,,4.876,0.59066,0.73803,0.54909,0.59591,0.42192,0.24249,Southeastern Asia,65.7,194.0,8,89.0,56,89.0,,89.0,,10.8,Developing
Latvia,2015,27263090547.0617,74.4804878048781,1977527.0,7315.9,100.0,79.20058292,34.2,,5.098,1.11312,1.09562,0.72437,0.29671,0.18226,0.06332,Central and Eastern Europe,74.6,153.0,0,94.0,0,95.0,,95.0,13666.58336,16.0,Developed
Lebanon,2015,49929337836.8159,79.229,6398940.0,27016.8,99.7377777099609,74.0,,,4.839,1.02564,0.80001,0.83947,0.33916,0.21854,0.04582,Middle East and Northern Africa,74.9,98.0,1,81.0,39,75.0,,81.0,846.632851,13.3,Developing
Lesotho,2015,2359686724.53829,51.101,2118521.0,2144.2,31.774808883667,25.0,,,4.898,0.37545,1.04103,0.07612,0.31767,0.16388,0.12504,Sub-Saharan Africa,53.7,484.0,4,93.0,0,9.0,,93.0,173.82893,10.7,Developing
Liberia,2015,3227075700.0,59.148,4612329.0,1247.8,15.2267560958862,10.0,,,4.571,0.0712,0.78968,0.34201,0.28531,0.24362,0.06232,Sub-Saharan Africa,61.4,259.0,8,52.0,1060,52.0,,52.0,452.38717,9.9,Developing
Libya,2015,48717506273.4399,71.698,6192235.0,51331.2,73.8310775756836,,,,5.754,1.13145,1.11862,0.7038,0.41668,0.18295,0.11023,Middle East and Northern Africa,72.7,138.0,1,97.0,82,97.0,,97.0,,13.4,Developing
Lithuania,2015,41435533340.3883,74.3219512195122,2904910.0,11067.4,100.0,71.37805901,37.4,,5.833,1.14723,1.25745,0.73128,0.21342,0.02641,0.01031,Central and Eastern Europe,73.6,165.0,0,94.0,50,93.0,,93.0,14252.42853,16.5,Developed
Luxembourg,2015,60071584216.1375,82.2926829268293,569604.0,9133.4,100.0,96.37671417,32.9,,6.946,1.56391,1.21963,0.91894,0.61583,0.28034,0.37798,Western Europe,82.0,63.0,0,94.0,0,99.0,,99.0,1199.8223,13.9,Developed
Madagascar,2015,11323020701.3017,64.339,24850912.0,3284.62,23.7550201416016,4.17397219,,,3.681,0.20824,0.66801,0.46721,0.19184,0.21333,0.08124,Sub-Saharan Africa,65.5,22.0,28,69.0,3,71.0,,69.0,41.8575951,10.3,Developing
Malawi,2015,9219474379.31534,61.378,16938942.0,1089.52,10.8,6.0,,,4.292,0.01604,0.41134,0.22562,0.43054,0.33128,0.06977,Sub-Saharan Africa,58.3,365.0,26,88.0,0,88.0,,88.0,362.6575444,10.8,Developing
Malaysia,2015,301355266964.947,75.094,31068833.0,236229.4,99.8620300292969,71.06406781,41.1,,5.77,1.12486,1.07023,0.72394,0.53024,0.33075,0.10501,Southeastern Asia,75.0,123.0,4,99.0,1318,99.0,,99.0,9643.644683,13.1,Developing
Mali,2015,13104764378.326,58.363,18112907.0,3343.8,37.6,10.33,,,3.995,0.26074,1.03526,0.20583,0.38857,0.18798,0.12352,Sub-Saharan Africa,58.2,266.0,52,64.0,215,66.0,,64.0,729.725338,8.4,Developing
Malta,2015,11091483659.6156,81.8975609756097,445053.0,1657.1,100.0,75.96001898,29.4,,6.302,1.2074,1.30203,0.88721,0.60365,0.51752,0.13586,Western Europe,81.7,54.0,0,95.0,2,97.0,,97.0,23819.4636,14.6,Developed
Mauritania,2015,6166863896.68677,64.485,3946220.0,2966.5,39.5,17.6,,,4.436,0.45407,0.86908,0.35874,0.24232,0.219,0.17461,Sub-Saharan Africa,63.1,25.0,8,73.0,1,67.0,,73.0,1158.256469,8.5,Developing
Mauritius,2015,12007291045.6489,74.3531707317073,1262879.0,3960.9,99.5736541748047,50.13931848,,,5.477,1.00761,0.98521,0.7095,0.56066,0.37744,0.07521,Sub-Saharan Africa,74.6,146.0,0,97.0,0,98.0,,97.0,9252.11724,15.2,Developing
Mexico,2015,1213294467527.59,74.682,120149897.0,471632.6,99.0,57.43104299,,,7.187,1.02054,0.91451,0.81444,0.48181,0.14074,0.21312,Latin America and Caribbean,76.7,122.0,30,82.0,0,87.0,,87.0,9143.128494,13.3,Developing
Moldova,2015,7798692878.40136,69.24,2835978.0,8020.6,99.8614807128906,43.1,27.0,,5.889,0.59448,1.01528,0.61826,0.32818,0.20951,0.01615,Central and Eastern Europe,72.1,157.0,1,88.0,0,88.0,,87.0,,,Developing
Mongolia,2015,11619892590.6941,69.498,2964749.0,17300.6,87.9682312011719,22.50000413,,,4.874,0.82819,1.3006,0.60268,0.43626,0.3323,0.02666,Eastern Asia,68.8,222.0,1,99.0,20359,99.0,,99.0,3944.1839,14.8,Developing
Montenegro,2015,4054730077.57718,76.4487804878049,622159.0,2359.1,99.4931488037109,68.11978601,39.0,,5.192,0.97438,0.90557,0.72521,0.1826,0.1614,0.14296,Central and Eastern Europe,76.1,16.0,0,82.0,0,89.0,,89.0,6461.192554,15.1,Developing
Morocco,2015,110413823841.592,72.92,34680458.0,60362.5,97.3,57.07999935,,,5.013,0.73479,0.64095,0.60954,0.41691,0.07172,0.08546,Middle East and Northern Africa,74.3,95.0,17,99.0,17,99.0,,99.0,2847.285569,12.1,Developing
Mozambique,2015,16208985769.615,58.151,26843246.0,5478.3,24.0,6.5,,,4.971,0.08308,1.02626,0.09131,0.34037,0.22269,0.15603,Sub-Saharan Africa,57.6,355.0,60,8.0,79,8.0,,8.0,528.3125597,9.1,Developing
Myanmar,2015,59687411768.8224,65.561,51483949.0,19034.0,60.5,10.9,38.1,,4.307,0.27108,0.70905,0.48246,0.44017,0.79588,0.19034,Southeastern Asia,66.6,199.0,39,89.0,6,89.0,,89.0,1194.59137,9.1,Developing
Nepal,2015,24360801337.6944,67.456,27610325.0,7186.2,82.0142288208008,17.58161801,,,4.514,0.35997,0.86449,0.56874,0.38282,0.32296,0.05907,Southern Asia,69.2,165.0,17,91.0,1599,9.0,,91.0,743.7653489,12.2,Developing
Netherlands,2015,765572770634.375,81.509756097561,16939923.0,157376.0,100.0,91.72413793,28.2,,7.378,1.32944,1.28017,0.89284,0.61576,0.4761,0.31814,Western Europe,81.9,57.0,1,94.0,7,95.0,,95.0,44292.88473,18.1,Developed
New Zealand,2015,178064471137.921,81.6124390243903,4609400.0,32281.2,100.0,85.2,,,7.286,1.25018,1.31967,0.90837,0.63938,0.47501,0.42922,Australia and New Zealand,81.6,66.0,0,92.0,10,92.0,,92.0,3821.8937,19.2,Developed
Nicaragua,2015,12756685522.4807,72.983,6298598.0,5286.7,83.2425537109375,19.7042915,,,5.828,0.59325,1.14184,0.74314,0.55475,0.27815,0.19317,Latin America and Caribbean,74.8,145.0,2,98.0,0,99.0,,98.0,295.966488,11.7,Developing
Niger,2015,9683867926.44282,61.083,20128124.0,2111.59,16.6,2.476219975,,,3.845,0.0694,0.77265,0.29707,0.47692,0.19387,0.15639,Sub-Saharan Africa,61.8,22.0,49,65.0,7693,65.0,,65.0,358.99731,5.4,Developing
Nigeria,2015,493026682800.63,51.841,183995785.0,107746.4,52.5,24.5,35.9,,5.268,0.65435,0.90432,0.16007,0.34334,0.27233,0.0403,Sub-Saharan Africa,54.5,344.0,483,49.0,12423,49.0,,49.0,2655.157977,10.0,Developing
North Macedonia,2015,10064519962.5655,75.4024390243902,2070226.0,7142.1,99.9032745361328,70.38020308,35.6,,5.007,0.91851,1.00232,0.73545,0.33457,0.22359,0.05327,Central and Eastern Europe,75.7,12.0,0,92.0,1,92.0,,91.0,,12.9,Developing
Norway,2015,388159512245.53,82.3048780487805,5188607.0,40288.8,100.0,96.81032569,27.5,,7.522,1.459,1.33095,0.88521,0.66973,0.34699,0.36503,Western Europe,81.8,59.0,0,,14,95.0,,95.0,7455.24654,17.7,Developed
Oman,2015,78710793237.9714,77.687,4191776.0,70131.7,100.0,73.53,,,6.853,1.36011,1.08182,0.76276,0.63274,0.21542,0.32524,Middle East and Northern Africa,76.6,99.0,1,99.0,0,99.0,,99.0,16627.36433,13.7,Developing
Pakistan,2015,299963590534.773,65.697,210969298.0,164152.3,90.9774703979492,11.0,31.3,,5.194,0.59543,0.41411,0.51466,0.12102,0.33671,0.10464,Southern Asia,66.4,161.0,352,72.0,386,72.0,,72.0,1431.244865,8.1,Developing
Panama,2015,54091800000.0,77.468,3957099.0,10609.9,91.6038589477539,51.20542499,50.8,,6.786,1.06353,1.1985,0.79661,0.5421,0.24434,0.0927,Latin America and Caribbean,77.8,118.0,1,73.0,0,72.0,,73.0,13134.4367,13.0,Developing
Paraguay,2015,36211447840.0971,73.191,6177950.0,6367.5,99.331532,49.71630466,47.6,,5.878,0.75985,1.30477,0.66098,0.53899,0.3424,0.08242,Latin America and Caribbean,74.0,146.0,2,93.0,0,89.0,,93.0,419.367724,12.3,Developing
Peru,2015,189802976285.619,75.621,30711863.0,54553.5,93.852179,40.85260091,43.4,,5.824,0.90019,0.97459,0.73017,0.41496,0.14982,0.05989,Latin America and Caribbean,75.5,123.0,8,9.0,4,88.0,,9.0,63.343259,13.4,Developing
Philippines,2015,306445871246.718,71.268,103031365.0,110990.9,89.08,36.9,44.6,,5.073,0.70532,1.03516,0.58114,0.62545,0.24991,0.12279,Southeastern Asia,68.5,211.0,52,6.0,619,79.0,,6.0,2878.33837,11.7,Developing
Poland,2015,477111287969.227,77.4512195121951,37986412.0,289077.4,100.0,67.99698716,31.8,,5.791,1.12555,1.27948,0.77903,0.53122,0.16759,0.04212,Central and Eastern Europe,77.5,117.0,2,96.0,0,92.0,,98.0,12565.9876,16.4,Developed
Portugal,2015,199394066525.44,81.1243902439025,10358076.0,49851.9,100.0,68.63286148,35.5,,5.102,1.15991,1.13935,0.87519,0.51469,0.13719,0.01078,Western Europe,81.1,76.0,0,98.0,8,98.0,,98.0,1922.681,16.6,Developed
Qatar,2015,161739955576.923,80.064,2414573.0,85211.3,100.0,92.88482645,,,6.611,1.69042,1.0786,0.79733,0.6404,0.32573,0.52208,Middle East and Northern Africa,78.2,68.0,0,99.0,18,99.0,,99.0,66346.52267,13.4,Developing
Romania,2015,177883883008.747,74.9121951219512,19815616.0,73314.4,98.761360168457,55.76315563,35.9,,5.124,1.04345,0.88588,0.7689,0.35068,0.13748,0.00649,Central and Eastern Europe,75.0,133.0,2,9.0,4,89.0,,89.0,8958.788593,14.7,Developed
Russian Federation,2015,1363482182197.71,71.1834146341463,144096870.0,1592559.4,95.5,70.09924123,37.7,,5.716,1.13764,1.23617,0.66926,0.36679,0.00199,0.03005,Central and Eastern Europe,75.0,222.0,13,97.0,843,97.0,,97.0,9329.298351,15.0,Developing
Rwanda,2015,8544621756.79813,65.298,11642959.0,1080.44,22.8,12.5,,,3.465,0.22208,0.7737,0.42864,0.59201,0.22628,0.55191,Sub-Saharan Africa,66.1,227.0,11,98.0,1,99.0,,98.0,71.348397,10.8,Developing
Saudi Arabia,2015,669484381328.891,76.918,32749848.0,565190.1,100.0,69.6162358,,,6.411,1.39541,1.08393,0.72025,0.31048,0.13706,0.32524,Middle East and Northern Africa,74.5,88.0,7,98.0,219,97.0,,98.0,2732.86172,16.1,Developing
Senegal,2015,17774766696.1759,66.879,14356181.0,9285.5,60.5,21.7,,,3.904,0.36498,0.97619,0.4354,0.36772,0.20843,0.10713,Sub-Saharan Africa,66.7,188.0,19,89.0,58,85.0,,89.0,98.7256145,9.5,Developing
Serbia,2015,39655949731.3816,75.2878048780488,7095383.0,45410.1,99.9,65.3170254,40.5,,5.123,0.92053,1.00964,0.74836,0.20107,0.19231,0.02617,Central and Eastern Europe,75.6,121.0,1,94.0,383,95.0,,95.0,5237.255334,14.4,Developing
Sierra Leone,2015,4252029353.82191,57.189,7314773.0,1084.5,19.6586170196533,6.344421603,,,4.507,0.33024,0.95571,0.0,0.4084,0.21488,0.08786,Sub-Saharan Africa,51.0,413.0,22,86.0,607,86.0,,86.0,587.538233,9.5,Developing
Singapore,2015,307998545269.398,82.7439024390244,5535002.0,45431.9,100.0,83.2,,,6.798,1.52186,1.02,1.02525,0.54252,0.31105,0.4921,Southeastern Asia,83.1,55.0,0,96.0,0,96.0,,96.0,53629.73746,15.4,Developed
Slovenia,2015,43107506024.3254,80.7756097560976,2063531.0,13139.7,100.0,73.09865997,25.4,,5.848,1.18498,1.27385,0.87337,0.60855,0.25328,0.03787,Central and Eastern Europe,88.0,74.0,0,,18,95.0,,95.0,2729.86383,17.3,Developed
South Africa,2015,346709790458.563,63.95,55876504.0,425063.1,85.3,51.91911572,,,4.642,0.92049,1.18468,0.27688,0.33207,0.11973,0.08884,Sub-Saharan Africa,62.9,328.0,42,75.0,17,75.0,,75.0,5769.77258,13.0,Developing
Spain,2015,1196156971279.69,82.8317073170732,46444832.0,257251.2,100.0,78.68963187,36.2,,6.329,1.23011,1.31379,0.95562,0.45951,0.18227,0.06398,Western Europe,82.8,56.0,1,97.0,115,97.0,,97.0,25683.84565,17.7,Developed
Sri Lanka,2015,85140955388.8509,74.927,21336697.0,19240.9,94.3307495117188,15.26,,,4.271,0.83524,1.01905,0.70806,0.53726,0.40828,0.09179,Southern Asia,74.9,138.0,3,99.0,1568,99.0,,99.0,3844.89123,14.0,Developing
Sudan,2015,84984666745.108,64.659,38171178.0,19259.2,48.0156898498535,,,,4.55,0.52107,1.01404,0.36878,0.10081,0.19062,0.1466,Sub-Saharan Africa,64.1,225.0,58,93.0,3585,93.0,,93.0,2513.884661,7.2,Developing
Suriname,2015,5126237646.22072,70.8,575475.0,2724.1,94.983528137207,42.76382778,,,6.269,0.99534,0.972,0.6082,0.59657,0.16991,0.13633,Latin America and Caribbean,71.6,176.0,0,89.0,0,89.0,,89.0,8818.982566,12.7,Developing
Sweden,2015,505103781349.757,82.2048780487805,9799186.0,39120.1,100.0,90.61019664,29.2,,7.364,1.33171,1.28907,0.91087,0.6598,0.36262,0.43844,Western Europe,82.4,53.0,0,67.0,22,98.0,,98.0,5585.25847,15.9,Developed
Switzerland,2015,694118186379.628,82.8975609756098,8282396.0,39090.8,100.0,87.4790556,32.3,,7.587,1.39651,1.34951,0.94143,0.66557,0.29678,0.41978,Western Europe,83.4,49.0,0,,35,97.0,,97.0,8989.8424,16.0,Developed
Syrian Arab Republic,2015,16468399173.0006,65.124,19205178.0,25260.7,90.0257568359375,29.97979724,,,3.006,0.6632,0.47489,0.72193,0.15684,0.47179,0.18906,Middle East and Northern Africa,64.5,293.0,6,41.0,45,5.0,,41.0,,9.0,Developing
Tajikistan,2015,8271431932.39205,69.306,8524063.0,4904.8,98.0,18.98,34.0,,4.786,0.39047,0.85563,0.57379,0.47216,0.22974,0.15072,Central and Eastern Europe,69.7,161.0,10,96.0,3,96.0,,96.0,918.6771543,11.3,Developing
Tanzania,2015,47413919817.124,64.651,52542823.0,10765.9,26.2212181091309,10.0,,,3.781,0.2852,1.00268,0.38215,0.32878,0.34377,0.05747,Sub-Saharan Africa,61.8,279.0,85,98.0,30,96.0,,98.0,,,Developing
Thailand,2015,401296238228.084,77.717,70294397.0,268853.3,99.6,39.31612674,36.0,,6.455,0.9669,1.26504,0.7385,0.55664,0.5763,0.03187,Southeastern Asia,74.9,148.0,8,99.0,154,99.0,,99.0,5814.863134,13.6,Developing
Togo,2015,5755457836.01866,59.396,7473229.0,1825.6,44.7450904846191,7.12,43.1,,2.839,0.20868,0.13995,0.28443,0.36453,0.16681,0.10731,Sub-Saharan Africa,59.9,287.0,13,88.0,20,88.0,,88.0,551.138346,12.0,Developing
Trinidad and Tobago,2015,27026080986.578,74.503,1460177.0,21310.6,100.0,65.1,,,6.168,1.21183,1.18354,0.61483,0.55884,0.31844,0.0114,Latin America and Caribbean,71.2,17.0,0,9.0,0,88.0,,96.0,17321.83373,12.7,Developing
Tunisia,2015,45779494041.9295,75.692,11557779.0,31627.4,99.9,46.49999434,32.8,,4.739,0.88113,0.60429,0.73793,0.26268,0.06431,0.06358,Middle East and Northern Africa,75.3,1.0,3,98.0,16,98.0,,98.0,3828.91589,14.6,Developing
Turkey,2015,,,,,,,,,5.332,1.06098,0.94632,0.73172,0.22815,0.12253,0.15746,Middle East and Northern Africa,75.8,16.0,15,97.0,342,97.0,,97.0,1979.52569,14.5,Developing
Turkmenistan,2015,35799714285.7143,68.782,5766431.0,63777.6,100.0,14.99677482,,,5.548,0.95847,1.22668,0.53886,0.4761,0.16979,0.30844,Central and Eastern Europe,66.3,215.0,6,99.0,0,99.0,,99.0,6432.668768,10.8,Developing
Uganda,2015,32387183730.1002,61.086,37477356.0,4712.1,18.5,5.8,,,3.931,0.21102,1.13299,0.33861,0.45727,0.29066,0.07267,Sub-Saharan Africa,62.3,291.0,66,78.0,478,82.0,,78.0,693.8963829,10.0,Developing
Ukraine,2015,91030967789.0717,71.189512195122,45154036.0,191067.8,100.0,48.88464368,25.5,,4.681,0.79907,1.20278,0.6739,0.25123,0.15275,0.02961,Central and Eastern Europe,71.3,195.0,4,22.0,105,51.0,,23.0,2124.662666,15.3,Developing
United Arab Emirates,2015,370275469560.166,79.223,8916899.0,195409.4,100.0,90.5,,,6.901,1.42727,1.12575,0.80925,0.64157,0.26428,0.38583,Middle East and Northern Africa,77.1,75.0,1,99.0,347,99.0,,99.0,3911.74689,13.3,Developing
United Kingdom,2015,2927911140916.73,80.9560975609756,65116219.0,401075.3,100.0,92.00029987,33.3,,6.867,1.26637,1.28548,0.90943,0.59625,0.51912,0.32067,Western Europe,81.2,69.0,3,,91,96.0,,96.0,,,Developed
United States,2015,18206020741000.0,78.690243902439,320738994.0,4990703.7,100.0,74.55420245,41.2,,7.119,1.39451,1.24711,0.86179,0.54604,0.40105,0.1589,North America,79.3,13.0,23,92.0,188,93.0,,95.0,,,Developed
Uruguay,2015,57680327998.6689,77.483,3402818.0,6657.2,99.70948,64.5707871,40.1,,6.485,1.06166,1.2089,0.8116,0.60362,0.2324,0.24558,Latin America and Caribbean,77.0,116.0,0,95.0,0,95.0,,95.0,15524.84247,15.5,Developing
Uzbekistan,2015,86196264741.8842,70.475,31298900.0,99358.2,99.89208984375,42.8,,,6.003,0.63244,1.34043,0.59772,0.65821,0.22837,0.30826,Central and Eastern Europe,69.4,184.0,15,99.0,22,99.0,,99.0,2137.576852,12.1,Developing
"Venezuela, RB",2015,,73.006,30529716.0,163126.9,100.0,58.0,,,6.81,1.04424,1.25596,0.72052,0.42908,0.05841,0.11069,Latin America and Caribbean,74.1,157.0,9,87.0,0,87.0,,87.0,,14.3,Developing
Vietnam,2015,,,,,,,,,5.36,0.63216,0.91226,0.74676,0.59444,0.1686,0.10441,Southeastern Asia,76.0,127.0,28,97.0,256,97.0,,97.0,,12.6,Developing
Zambia,2015,21251216798.7762,61.208,16248230.0,4956.6,31.1,8.8,55.9,,5.129,0.47038,0.91612,0.29924,0.48827,0.19591,0.12468,Sub-Saharan Africa,61.8,33.0,27,9.0,9,9.0,,9.0,1313.889646,12.5,Developing
Zimbabwe,2015,19963120600.0,59.591,14154937.0,11988.7,33.7,22.7428181,,,4.61,0.271,1.03276,0.33475,0.25861,0.18987,0.08079,Sub-Saharan Africa,67.0,336.0,22,87.0,0,88.0,,87.0,118.69383,10.3,Developing
